選舉區,登記日期,姓名,推薦之政黨,備註
臺北市第1選舉區,115/08/31,謝閔弘,時代力量,
臺北市第1選舉區,115/08/31,李文,無,
臺北市第1選舉區,115/09/02,陳彥廷,無,
臺北市第1選舉區,115/09/02,鍾佩玲,民主進步黨,
臺北市第1選舉區,115/09/02,紀建漢,無,
臺北市第1選舉區,115/09/02,陳賢蔚,民主進步黨,
臺北市第1選舉區,115/09/02,林世宗,民主進步黨,
臺北市第1選舉區,115/09/02,黃瀞瑩,台灣民眾黨,
臺北市第1選舉區,115/09/02,林揚庭,中國國民黨,
臺北市第1選舉區,115/09/02,陳慈慧,民主進步黨,
臺北市第1選舉區,115/09/03,陳重文,無,
臺北市第1選舉區,115/09/03,陳怡潔,無,
臺北市第1選舉區,115/09/03,林杏兒,中國國民黨,
臺北市第1選舉區,115/09/03,張斯綱,中國國民黨,
臺北市第1選舉區,115/09/03,賴苡任,中國國民黨,
臺北市第1選舉區,115/09/03,汪志冰,中國國民黨,
臺北市第1選舉區,115/09/03,劉致妤,無,
臺北市第1選舉區,115/09/04,林延鳳,民主進步黨,
臺北市第1選舉區,115/09/04,林聖峰,天宙和平統一家庭黨,
臺北市第1選舉區,115/09/04,侯漢廷,新黨,
臺北市第2選舉區,115/08/31,吳欣岱,台灣基進,
臺北市第2選舉區,115/08/31,李明賢,中國國民黨,
臺北市第2選舉區,115/09/01,陳冠安,中國國民黨,
臺北市第2選舉區,115/09/01,高嘉瑜,民主進步黨,
臺北市第2選舉區,115/09/02,王孝維,民主進步黨,
臺北市第2選舉區,115/09/02,游淑慧,中國國民黨,
臺北市第2選舉區,115/09/02,何孟樺,民主進步黨,
臺北市第2選舉區,115/09/02,陳宥丞,台灣民眾黨,
臺北市第2選舉區,115/09/02,何恕懷,新黨,
臺北市第2選舉區,115/09/03,闕枚莎,中國國民黨,
臺北市第2選舉區,115/09/04,陳又新,民主進步黨,
臺北市第2選舉區,115/09/04,吳世正,中國國民黨,
臺北市第2選舉區,115/09/04,黃啟彬,永久和平自然法,
臺北市第3選舉區,115/08/31,鄧樂強,台灣基進,
臺北市第3選舉區,115/09/02,詹為元,中國國民黨,
臺北市第3選舉區,115/09/02,張文潔,民主進步黨,
臺北市第3選舉區,115/09/02,郭凡,民主進步黨,
臺北市第3選舉區,115/09/02,李明璇,中國國民黨,
臺北市第3選舉區,115/09/02,秦慧珠,中國國民黨,
臺北市第3選舉區,115/09/02,洪健益,民主進步黨,
臺北市第3選舉區,115/09/02,戴錫欽,中國國民黨,
臺北市第3選舉區,115/09/02,許甫,台灣民眾黨,
臺北市第3選舉區,115/09/03,左曉明,無,
臺北市第3選舉區,115/09/04,許淑華,民主進步黨,
臺北市第3選舉區,115/09/04,林柏勛,無,
臺北市第3選舉區,115/09/04,許原榮,中國國民黨,
臺北市第4選舉區,115/08/31,朱政騏,無,
臺北市第4選舉區,115/09/01,顏若芳,民主進步黨,
臺北市第4選舉區,115/09/01,賴俊翰,民主進步黨,
臺北市第4選舉區,115/09/01,熊羿,勞動黨,
臺北市第4選舉區,115/09/02,李易儒,中國國民黨,
臺北市第4選舉區,115/09/02,陳炳甫,中國國民黨,
臺北市第4選舉區,115/09/02,林子揚,民主進步黨,
臺北市第4選舉區,115/09/02,柳采葳,中國國民黨,
臺北市第4選舉區,115/09/02,林亮君,民主進步黨,
臺北市第4選舉區,115/09/03,葉林傳,中國國民黨,
臺北市第4選舉區,115/09/03,黃麗香,台聯黨,
臺北市第4選舉區,115/09/03,林珍羽,台灣民眾黨,
臺北市第4選舉區,115/09/03,陳怡君,無,
臺北市第4選舉區,115/09/04,李惠暄,小民參政歐巴桑聯盟,
臺北市第5選舉區,115/08/31,張銘祐,民主進步黨,
臺北市第5選舉區,115/08/31,吳志剛,中國國民黨,
臺北市第5選舉區,115/08/31,鍾小平,中國國民黨,
臺北市第5選舉區,115/09/01,陳力新,無,
臺北市第5選舉區,115/09/02,王振庭,台灣綠黨,
臺北市第5選舉區,115/09/02,洪婉臻,民主進步黨,
臺北市第5選舉區,115/09/02,吳怡萱,台灣民眾黨,
臺北市第5選舉區,115/09/03,應佳妤,無,
臺北市第5選舉區,115/09/03,劉耀仁,民主進步黨,
臺北市第5選舉區,115/09/03,張延廷,中國國民黨,
臺北市第5選舉區,115/09/03,徐立信,無,
臺北市第5選舉區,115/09/04,馬郁雯,民主進步黨,
臺北市第5選舉區,115/09/04,郭昭巖,中國國民黨,
臺北市第5選舉區,115/09/04,譚傳紹,無,
臺北市第6選舉區,115/08/31,李道翔,左翼聯盟,
臺北市第6選舉區,115/08/31,陳峙穎,時代力量,
臺北市第6選舉區,115/09/01,李奇峯,無,
臺北市第6選舉區,115/09/02,簡舒培,民主進步黨,
臺北市第6選舉區,115/09/02,楊植斗,中國國民黨,
臺北市第6選舉區,115/09/02,陳聖文,民主進步黨,
臺北市第6選舉區,115/09/02,游智彬,新黨,
臺北市第6選舉區,115/09/02,耿葳,中國國民黨,
臺北市第6選舉區,115/09/02,徐弘庭,中國國民黨,
臺北市第6選舉區,115/09/02,苗博雅,社會民主黨,
臺北市第6選舉區,115/09/02,陳錦祥,中國國民黨,
臺北市第6選舉區,115/09/03,李柏毅,中國國民黨,
臺北市第6選舉區,115/09/03,鍾沛君,中國國民黨,
臺北市第6選舉區,115/09/03,劉品妡,民主進步黨,
臺北市第6選舉區,115/09/03,張志豪,台灣民眾黨,
臺北市第6選舉區,115/09/04,曾獻瑩,中國國民黨,
臺北市第6選舉區,115/09/04,王欣儀,中國國民黨,
臺北市第6選舉區,115/09/04,王閔生,民主進步黨,
臺北市第6選舉區,115/09/04,張維學,無,
臺北市第7選舉區,115/08/31,李芳儒,中國國民黨,
臺北市第7選舉區,115/09/03,林筱薇 Icyang Tamana,無,
臺北市第8選舉區,115/09/02,林家豪,民主進步黨,
臺北市第8選舉區,115/09/02,李傅鈺婷,中國國民黨,
臺北市第8選舉區,115/09/04,孔垂崢 Haisul Islituan,無,
新北市第1選舉區,115/09/02,鄭宇恩,民主進步黨,
新北市第1選舉區,115/09/02,陳偉杰,中國國民黨,
新北市第1選舉區,115/09/02,游明諺,民主進步黨,
新北市第1選舉區,115/09/03,陳家琪,中國國民黨,
新北市第1選舉區,115/09/04,呂鈞鴻,中國國民黨,
新北市第2選舉區,115/08/31,戴翎育,民主進步黨,
新北市第2選舉區,115/09/01,張昭隆,無,
新北市第2選舉區,115/09/02,蔡淑君,中國國民黨,
新北市第2選舉區,115/09/02,鄭丞宏,中國國民黨,
新北市第2選舉區,115/09/02,陳明義,中國國民黨,
新北市第2選舉區,115/09/03,蔡佩呈,中國國民黨,
新北市第2選舉區,115/09/03,李宇翔,民主進步黨,
新北市第3選舉區,115/08/31,翁震州,民主進步黨,
新北市第3選舉區,115/09/01,簡麗花,無,
新北市第3選舉區,115/09/02,林秉宥,民主進步黨,
新北市第3選舉區,115/09/02,蔣根煌,中國國民黨,
新北市第3選舉區,115/09/02,蔡健棠,中國國民黨,
新北市第3選舉區,115/09/02,吳奕萱,民主進步黨,
新北市第3選舉區,115/09/02,陳岱吟,民主進步黨,
新北市第3選舉區,115/09/02,王珮宇,中國國民黨,
新北市第3選舉區,115/09/02,陳世軒,台灣民眾黨,
新北市第3選舉區,115/09/02,甘崇緯,台灣綠黨,
新北市第3選舉區,115/09/03,蕭夙玲,親民黨,
新北市第3選舉區,115/09/03,陳茂嘉,無,
新北市第4選舉區,115/08/31,李翁月娥,無,
新北市第4選舉區,115/08/31,黃桂蘭,中國國民黨,
新北市第4選舉區,115/08/31,彭佳芸,民主進步黨,
新北市第4選舉區,115/09/01,陳彥廷,台灣民眾黨,
新北市第4選舉區,115/09/02,王威元,中國國民黨,
新北市第4選舉區,115/09/02,李余典,民主進步黨,
新北市第4選舉區,115/09/02,陳俊維,民主進步黨,
新北市第4選舉區,115/09/02,李倩萍,民主進步黨,
新北市第4選舉區,115/09/02,董俊良,無,
新北市第4選舉區,115/09/02,顏蔚慈,民主進步黨,
新北市第4選舉區,115/09/02,邱婷蔚,民主進步黨,
新北市第4選舉區,115/09/02,陳東雲,無,
新北市第4選舉區,115/09/03,蔡政呈,中國國民黨,
新北市第4選舉區,115/09/03,劉成謙,親民黨,
新北市第4選舉區,115/09/03,陳宛毓,小民參政歐巴桑聯盟,
新北市第4選舉區,115/09/03,許宏平,台聯黨,
新北市第4選舉區,115/09/03,蕭告,無,
新北市第5選舉區,115/08/31,李昆穎,民主進步黨,
新北市第5選舉區,115/09/01,劉美芳,中國國民黨,
新北市第5選舉區,115/09/01,戴瑋姗,民主進步黨,
新北市第5選舉區,115/09/01,黃淑君,民主進步黨,
新北市第5選舉區,115/09/01,鄧凱勛,中國國民黨,
新北市第5選舉區,115/09/01,陳俊諺,民主進步黨,
新北市第5選舉區,115/09/02,山田摩衣,民主進步黨,
新北市第5選舉區,115/09/02,林國春,中國國民黨,
新北市第5選舉區,115/09/02,曾煥嘉,中國國民黨,
新北市第5選舉區,115/09/03,林子宇,台灣民眾黨,
新北市第5選舉區,115/09/03,周韋翰,中國國民黨,
新北市第5選舉區,115/09/03,黃淑珍,司法改革黨,
新北市第6選舉區,115/08/31,張維倩,民主進步黨,
新北市第6選舉區,115/09/01,張志豪,民主進步黨,
新北市第6選舉區,115/09/01,金瑞龍,中國國民黨,
新北市第6選舉區,115/09/01,林達,無,
新北市第6選舉區,115/09/02,陳怡君,台灣民眾黨,
新北市第6選舉區,115/09/02,張嘉玲,民主進步黨,
新北市第6選舉區,115/09/02,邱烽堯,中國國民黨,
新北市第6選舉區,115/09/02,游輝宂,中國國民黨,
新北市第6選舉區,115/09/03,陳錦錠,中國國民黨,
新北市第7選舉區,115/09/01,羅文崇,民主進步黨,
新北市第7選舉區,115/09/01,陳以樂,中國國民黨,
新北市第7選舉區,115/09/02,許昭興,民主進步黨,
新北市第7選舉區,115/09/02,陳鴻源,中國國民黨,
新北市第7選舉區,115/09/02,蘇昭龍,無,
新北市第8選舉區,115/08/31,高乃芸,民主進步黨,
新北市第8選舉區,115/08/31,廖宜琨,民主進步黨,
新北市第8選舉區,115/09/01,吳亞倫,台灣民眾黨,
新北市第8選舉區,115/09/02,卓冠廷,民主進步黨,
新北市第8選舉區,115/09/02,吳昇翰,民主進步黨,
新北市第8選舉區,115/09/02,彭一書,民主進步黨,
新北市第8選舉區,115/09/02,呂家愷,中國國民黨,
新北市第8選舉區,115/09/02,蘇泓欽,無,
新北市第8選舉區,115/09/03,黃永昌,中國國民黨,
新北市第8選舉區,115/09/03,林金結,中國國民黨,
新北市第8選舉區,115/09/04,洪佳君,中國國民黨,
新北市第8選舉區,115/09/04,陳膺涵,愛民黨,
新北市第9選舉區,115/09/01,張柏詠,無,
新北市第9選舉區,115/09/01,邸聖德,台灣民眾黨,
新北市第9選舉區,115/09/01,張佑輔,台灣綠黨,
新北市第9選舉區,115/09/02,陳乃瑜,民主進步黨,
新北市第9選舉區,115/09/02,黃心華,中國國民黨,
新北市第9選舉區,115/09/02,陳韋任,民主進步黨,
新北市第9選舉區,115/09/02,游皓麟,中國國民黨,
新北市第9選舉區,115/09/03,劉哲彰,中國國民黨,
新北市第9選舉區,115/09/04,陳儀君,中國國民黨,
新北市第10選舉區,115/09/02,林裔綺,民主進步黨,
新北市第10選舉區,115/09/03,林正峰,中國國民黨,
新北市第11選舉區,115/09/01,張錦豪,民主進步黨,
新北市第11選舉區,115/09/01,陳語倢,台灣民眾黨,
新北市第11選舉區,115/09/01,陳竹音,勞動黨,
新北市第11選舉區,115/09/02,蔡美華,民主進步黨,
新北市第11選舉區,115/09/02,劉財鑫,無,
新北市第11選舉區,115/09/03,白珮茹,中國國民黨,
新北市第11選舉區,115/09/03,何元楷,中國國民黨,
新北市第11選舉區,115/09/03,黃瑞傳,無,
新北市第11選舉區,115/09/04,郭書成,無,
新北市第12選舉區,115/08/31,忠仁‧達祿 斯,無,
新北市第12選舉區,115/09/01,吳國譽La‧ Is‧Amid,中國國民黨,
新北市第12選舉區,115/09/02,蘇錦雄 Paylang‧ Caya,民主進步黨,
新北市第12選舉區,115/09/02,楊春妹,中國國民黨,
新北市第12選舉區,115/09/03,宋雨蓁 Nikar‧ Falong,無,
新北市第12選舉區,115/09/03,吳建智咖啡 哥,親民黨,
新北市第12選舉區,115/09/04,連祐崧,無,
新北市第13選舉區,115/09/01,何應明,中國國民黨,
新北市第13選舉區,115/09/02,布落‧馬信,民主進步黨,
新北市第13選舉區,115/09/02,王珍珍,無,
新北市第13選舉區,115/09/03,馬見Lahuy ‧Ipin,無,
新北市第13選舉區,115/09/03,林啟明,親民黨,
新北市第13選舉區,115/09/03,羅美菁,無,
桃園市第1選舉區,115/08/31,黃婉如,中國國民黨,
桃園市第1選舉區,115/08/31,朱永煇,無,
桃園市第1選舉區,115/08/31,詹江村,中國國民黨,
桃園市第1選舉區,115/08/31,徐千晴,台灣民眾黨,
桃園市第1選舉區,115/09/01,凌濤,中國國民黨,
桃園市第1選舉區,115/09/01,李光達,民主進步黨,
桃園市第1選舉區,115/09/01,許孟祥,勞動黨,
桃園市第1選舉區,115/09/01,蕭湘瀚,無,
桃園市第1選舉區,115/09/02,陳美梅,中國國民黨,
桃園市第1選舉區,115/09/02,于北辰,無,
桃園市第1選舉區,115/09/02,余信憲,民主進步黨,
桃園市第1選舉區,115/09/02,林政賢,中國國民黨,
桃園市第1選舉區,115/09/02,李凱倫,無,
桃園市第1選舉區,115/09/02,黃瓊慧,民主進步黨,
桃園市第1選舉區,115/09/02,張碩芳,中國國民黨,
桃園市第1選舉區,115/09/02,李柏瑟,民主進步黨,
桃園市第1選舉區,115/09/03,黃家齊,民主進步黨,
桃園市第1選舉區,115/09/03,沈佩玲,小民參政歐巴桑聯盟,
桃園市第1選舉區,115/09/03,佀廣洋,無,
桃園市第1選舉區,115/09/04,王妃天崩開 局穿越整頓 霸凌者佀廣 洋,無,
桃園市第2選舉區,115/08/31,呂學記,無,
桃園市第2選舉區,115/08/31,陳雅倫,民主進步黨,
桃園市第2選舉區,115/09/01,周曉芸,台灣民眾黨,
桃園市第2選舉區,115/09/02,李宗豪,民主進步黨,
桃園市第2選舉區,115/09/02,陳泓維,親民黨,
桃園市第2選舉區,115/09/02,林明義,中國國民黨,
桃園市第2選舉區,115/09/02,江冠妤,中國國民黨,
桃園市第2選舉區,115/09/03,高華駿,中國國民黨,
桃園市第2選舉區,115/09/03,孫韻璇,中國國民黨,
桃園市第3選舉區,115/08/31,段林淑婷,無,
桃園市第3選舉區,115/09/01,林晏良,台灣民眾黨,
桃園市第3選舉區,115/09/02,許家睿,民主進步黨,
桃園市第3選舉區,115/09/02,劉茂羣,中國國民黨,
桃園市第3選舉區,115/09/02,蔡永芳,民主進步黨,
桃園市第3選舉區,115/09/02,朱珍瑤,中國國民黨,
桃園市第3選舉區,115/09/02,楊朝偉,中國國民黨,
桃園市第3選舉區,115/09/02,呂林小鳳,民主進步黨,
桃園市第4選舉區,115/08/31,許清順,民主進步黨,
桃園市第4選舉區,115/09/01,胡家智,民主進步黨,
桃園市第4選舉區,115/09/02,錢龍,中國國民黨,
桃園市第4選舉區,115/09/02,劉勝全,無,
桃園市第4選舉區,115/09/02,郭麗華,無,
桃園市第4選舉區,115/09/03,張桂綿,中國國民黨,
桃園市第5選舉區,115/09/02,游吾和,民主進步黨,
桃園市第5選舉區,115/09/02,徐其萬,中國國民黨,
桃園市第5選舉區,115/09/04,吳文凱,無,
桃園市第6選舉區,115/08/31,陳治文,民主進步黨,
桃園市第6選舉區,115/08/31,劉儲禎,無,
桃園市第6選舉區,115/09/02,徐慈檉,親民黨,
桃園市第6選舉區,115/09/02,李柏坊,中國國民黨,
桃園市第6選舉區,115/09/02,江國輝,無,
桃園市第7選舉區,115/08/31,張曉昀,民主進步黨,
桃園市第7選舉區,115/09/01,彭康傑,中國國民黨,
桃園市第7選舉區,115/09/01,葉明月,中國國民黨,
桃園市第7選舉區,115/09/01,毛嘉慶,無,
桃園市第7選舉區,115/09/02,劉曾玉春,無,
桃園市第7選舉區,115/09/02,黃崇真,民主進步黨,
桃園市第7選舉區,115/09/02,彭俊豪,民主進步黨,
桃園市第7選舉區,115/09/02,張兆恩,無,
桃園市第7選舉區,115/09/02,劉安祺,中國國民黨,
桃園市第7選舉區,115/09/02,吳睿霖,中國國民黨,
桃園市第7選舉區,115/09/02,梁為超,中國國民黨,
桃園市第7選舉區,115/09/02,邱奕勝,中國國民黨,
桃園市第7選舉區,115/09/02,張仲方,無,
桃園市第7選舉區,115/09/03,魏筠,民主進步黨,
桃園市第7選舉區,115/09/03,李欣,無,
桃園市第7選舉區,115/09/03,謝美英,無,
桃園市第7選舉區,115/09/03,徐盛揚,無,
桃園市第8選舉區,115/08/31,高宇彥,無,
桃園市第8選舉區,115/09/02,王珮毓,民主進步黨,
桃園市第8選舉區,115/09/02,劉仁照,民主進步黨,
桃園市第8選舉區,115/09/02,舒翠玲,中國國民黨,
桃園市第8選舉區,115/09/02,陳韋曄,中國國民黨,
桃園市第8選舉區,115/09/03,黃敬平,中國國民黨,
桃園市第8選舉區,115/09/03,白丞堯,無,
桃園市第8選舉區,115/09/03,吳正吉,台灣民眾黨,
桃園市第8選舉區,115/09/04,彭柏霖,中國國民黨,
桃園市第8選舉區,115/09/04,羅文欽,無,
桃園市第9選舉區,115/08/31,劉定唐,無,
桃園市第9選舉區,115/09/01,項柏翰,民主進步黨,
桃園市第9選舉區,115/09/02,鄭淑方,民主進步黨,
桃園市第9選舉區,115/09/02,李家興,無,
桃園市第9選舉區,115/09/02,黃盈淇,無,
桃園市第9選舉區,115/09/02,周玉琴,中國國民黨,
桃園市第9選舉區,115/09/03,古振豐,中國國民黨,
桃園市第10選舉區,115/08/31,劉熒隆,中國國民黨,
桃園市第10選舉區,115/09/02,吳平娥,無,
桃園市第10選舉區,115/09/02,張贊聞,民主進步黨,
桃園市第10選舉區,115/09/02,徐玉樹,中國國民黨,
桃園市第10選舉區,115/09/03,林昭賢,中國國民黨,
桃園市第11選舉區,115/08/31,陳睿生,民主進步黨,
桃園市第11選舉區,115/09/02,邱文威,無,
桃園市第12選舉區,115/09/02,張佩芸,民主進步黨,
桃園市第12選舉區,115/09/02,許更生,無,
桃園市第12選舉區,115/09/02,吳進昌,中國國民黨,
桃園市第13選舉區,115/09/01,王仙蓮,中國國民黨,
桃園市第13選舉區,115/09/01,林志強,民主進步黨,
桃園市第13選舉區,115/09/02,張秀菊,無,
桃園市第13選舉區,115/09/02,陳卉蓁,中國國民黨,
桃園市第13選舉區,115/09/02,楊進福,無,
桃園市第13選舉區,115/09/03,李鴻志,無,
桃園市第14選舉區,115/09/01,陳瑛,中國國民黨,
桃園市第14選舉區,115/09/02,謝卓儒,民主進步黨,
桃園市第14選舉區,115/09/02,林秋霖,無,
桃園市第14選舉區,115/09/02,邱伯倫,無,
桃園市第14選舉區,115/09/02,張倉豪,中國國民黨,
桃園市第14選舉區,115/09/02,簡志偉,中國國民黨,
桃園市第14選舉區,115/09/03,蘇偉恩,無,
桃園市第14選舉區,115/09/03,曾庭筠,無,
臺中市第1選舉區,115/08/31,吳中源,民主進步黨,
臺中市第1選舉區,115/08/31,楊啓邦,中國國民黨,
臺中市第1選舉區,115/09/01,施志昌,民主進步黨,
臺中市第1選舉區,115/09/02,李文傑,中國國民黨,
臺中市第2選舉區,115/08/31,陳永祥,台灣民眾黨,
臺中市第2選舉區,115/09/01,王立任,民主進步黨,
臺中市第2選舉區,115/09/02,顏莉敏,中國國民黨,
臺中市第2選舉區,115/09/02,楊典忠,民主進步黨,
臺中市第2選舉區,115/09/02,張清照,中國國民黨,
臺中市第2選舉區,115/09/02,陳怡潔,民主進步黨,
臺中市第2選舉區,115/09/02,陳廷秀,無,
臺中市第3選舉區,115/09/01,曾威,民主進步黨,
臺中市第3選舉區,115/09/02,張家銨,民主進步黨,
臺中市第3選舉區,115/09/03,林孟令,中國國民黨,
臺中市第3選舉區,115/09/04,吳瓊華,中國國民黨,
臺中市第3選舉區,115/09/04,林汝洲,無,
臺中市第4選舉區,115/08/31,連小華,台灣民眾黨,
臺中市第4選舉區,115/08/31,邱愛珊,中國國民黨,
臺中市第4選舉區,115/08/31,蔡怡萱,民主進步黨,
臺中市第4選舉區,115/08/31,劉和豐,無,
臺中市第4選舉區,115/09/01,謝志忠,民主進步黨,
臺中市第4選舉區,115/09/02,連佳振,中國國民黨,
臺中市第4選舉區,115/09/02,王朝坤,無,
臺中市第4選舉區,115/09/03,黃朝淵,親民黨,
臺中市第4選舉區,115/09/04,陳本添,中國國民黨,
臺中市第5選舉區,115/08/31,蕭隆澤,民主進步黨,
臺中市第5選舉區,115/08/31,吳呈賢,中國國民黨,
臺中市第5選舉區,115/08/31,陳清崧,中國國民黨,
臺中市第5選舉區,115/09/01,陳映辰,民主進步黨,
臺中市第5選舉區,115/09/01,張烱春,司法改革黨,
臺中市第5選舉區,115/09/02,賴朝國,中國國民黨,
臺中市第5選舉區,115/09/02,周永鴻,民主進步黨,
臺中市第5選舉區,115/09/02,林鈺梅,無,
臺中市第5選舉區,115/09/03,徐瑄灃,無,
臺中市第5選舉區,115/09/04,蔡慧君,無,
臺中市第6選舉區,115/08/31,陳淑華,民主進步黨,
臺中市第6選舉區,115/08/31,劉芩妤,台灣民眾黨,
臺中市第6選舉區,115/08/31,楊大鋐,中國國民黨,
臺中市第6選舉區,115/09/01,林祈烽,民主進步黨,
臺中市第6選舉區,115/09/02,黃馨慧,中國國民黨,
臺中市第6選舉區,115/09/02,張廖乃綸,中國國民黨,
臺中市第7選舉區,115/08/31,劉士州,中國國民黨,
臺中市第7選舉區,115/09/01,張耀中,民主進步黨,
臺中市第7選舉區,115/09/02,朱暖英,中國國民黨,
臺中市第7選舉區,115/09/02,何文海,民主進步黨,
臺中市第7選舉區,115/09/04,吳佩芸,無,
臺中市第8選舉區,115/08/31,邱于珊,台灣民眾黨,
臺中市第8選舉區,115/08/31,賴順仁,中國國民黨,
臺中市第8選舉區,115/08/31,謝家宜,民主進步黨,
臺中市第8選舉區,115/09/02,沈佑蓮,中國國民黨,
臺中市第8選舉區,115/09/02,段體佩,無,
臺中市第8選舉區,115/09/02,彭振芳,無,
臺中市第8選舉區,115/09/02,曾咨耀,民主進步黨,
臺中市第8選舉區,115/09/02,蔡佩珊,小民參政歐巴桑聯盟,
臺中市第8選舉區,115/09/02,陳信秀,民主進步黨,
臺中市第8選舉區,115/09/02,陳諭韋,無,
臺中市第8選舉區,115/09/03,吳宗學,中國國民黨,
臺中市第8選舉區,115/09/03,許育璿,中國國民黨,
臺中市第8選舉區,115/09/04,楊政昱,無,
臺中市第9選舉區,115/09/01,簡嘉佑,民主進步黨,
臺中市第9選舉區,115/09/02,陳文政,中國國民黨,
臺中市第9選舉區,115/09/02,陳政顯,中國國民黨,
臺中市第9選舉區,115/09/02,陳俞融,民主進步黨,
臺中市第10選舉區,115/08/31,張彥彤,中國國民黨,
臺中市第10選舉區,115/09/01,黃守達,民主進步黨,
臺中市第10選舉區,115/09/02,林靈,勞動黨,
臺中市第10選舉區,115/09/03,江肇國,民主進步黨,
臺中市第11選舉區,115/08/31,楊寶楨,無,
臺中市第11選舉區,115/08/31,陳雅惠,民主進步黨,
臺中市第11選舉區,115/09/01,鄭功進,民主進步黨,
臺中市第11選舉區,115/09/02,林霈涵,中國國民黨,
臺中市第11選舉區,115/09/02,李中,中國國民黨,
臺中市第11選舉區,115/09/02,何翊綾,民主進步黨,
臺中市第11選舉區,115/09/03,林英成,無,
臺中市第11選舉區,115/09/04,周啓揚,無,
臺中市第12選舉區,115/08/31,許書豪,台灣民眾黨,
臺中市第12選舉區,115/08/31,張玉嬿,民主進步黨,
臺中市第12選舉區,115/08/31,黃佳恬,中國國民黨,
臺中市第12選舉區,115/09/01,賴義鍠,中國國民黨,
臺中市第12選舉區,115/09/02,蔡耀頡,民主進步黨,
臺中市第12選舉區,115/09/02,閻泰利,無,
臺中市第12選舉區,115/09/03,張書華,無,
臺中市第13選舉區,115/08/31,江和樹,台灣民眾黨,
臺中市第13選舉區,115/08/31,張芬郁,民主進步黨,
臺中市第13選舉區,115/09/01,林德宇,民主進步黨,
臺中市第13選舉區,115/09/01,張滄沂,無,
臺中市第13選舉區,115/09/02,蘇柏興,中國國民黨,
臺中市第13選舉區,115/09/02,林碧秀,中國國民黨,
臺中市第13選舉區,115/09/02,李天生,民主進步黨,
臺中市第13選舉區,115/09/02,鄭伯其,無,
臺中市第13選舉區,115/09/02,鄒明諺,時代力量,
臺中市第13選舉區,115/09/03,段中仁,無,
臺中市第14選舉區,115/09/02,吳振嘉,中國國民黨,
臺中市第14選舉區,115/09/02,詹智翔,民主進步黨,
臺中市第15選舉區,115/08/31,吳建德,中國國民黨,
臺中市第15選舉區,115/09/03,楊玉花,無,
臺中市第16選舉區,115/09/02,古秀英,中國國民黨,
臺中市第16選舉區,115/09/03,黃永光,無,
臺中市第17選舉區,115/08/31,呂秀惠,無,
臺中市第17選舉區,115/09/01,柯靜志,無,
臺中市第17選舉區,115/09/03,朱元宏,中國國民黨,
臺中市第17選舉區,115/09/03,瓦力司．比 尤,無,
臺南市第1選舉區,115/08/31,李宗翰,民主進步黨,
臺南市第1選舉區,115/08/31,蔡育輝,中國國民黨,
臺南市第1選舉區,115/09/01,侯陸太,無,
臺南市第1選舉區,115/09/02,沈家鳳,民主進步黨,
臺南市第1選舉區,115/09/02,趙昆原,無,
臺南市第1選舉區,115/09/02,王宣貿,民主進步黨,
臺南市第1選舉區,115/09/03,張新斛,無,
臺南市第1選舉區,115/09/03,陳詩薇,台灣民眾黨,
臺南市第2選舉區,115/08/31,謝舒凡,民主進步黨,
臺南市第2選舉區,115/09/02,蔡蘇秋金,民主進步黨,
臺南市第2選舉區,115/09/02,蔡秋蘭,民主進步黨,
臺南市第2選舉區,115/09/02,王詩媛,無,
臺南市第2選舉區,115/09/03,方一峰,中國國民黨,
臺南市第2選舉區,115/09/03,陳昆和,無,
臺南市第3選舉區,115/08/31,吳通龍,民主進步黨,
臺南市第3選舉區,115/09/02,陳秋宏,民主進步黨,
臺南市第3選舉區,115/09/02,尤淨寬,中國國民黨,
臺南市第3選舉區,115/09/03,施朝清,無,
臺南市第4選舉區,115/08/31,賴懋慶,民主進步黨,
臺南市第4選舉區,115/09/02,周奕齊,無,
臺南市第5選舉區,115/08/31,陳碧玉,民主進步黨,
臺南市第5選舉區,115/08/31,余柷青,民主進步黨,
臺南市第5選舉區,115/08/31,李偉智,民主進步黨,
臺南市第5選舉區,115/09/01,林志展,民主進步黨,
臺南市第5選舉區,115/09/02,李佳蓉,中國國民黨,
臺南市第5選舉區,115/09/02,李文俊,無,
臺南市第5選舉區,115/09/02,廖俊道,中國國民黨,
臺南市第6選舉區,115/09/02,邱昭勝,無,
臺南市第6選舉區,115/09/02,郭信良,無,
臺南市第6選舉區,115/09/02,李中岑,中國國民黨,
臺南市第6選舉區,115/09/02,唐儀靜,民主進步黨,
臺南市第6選舉區,115/09/02,郭品辰,民主進步黨,
臺南市第6選舉區,115/09/02,姚正玉,中國國民黨,
臺南市第6選舉區,115/09/02,蔡麗青,民主進步黨,
臺南市第6選舉區,115/09/03,黃麗招,無,
臺南市第6選舉區,115/09/03,林緯,無,
臺南市第7選舉區,115/08/31,黄肇輝,民主進步黨,
臺南市第7選舉區,115/08/31,林乃立,台灣民眾黨,
臺南市第7選舉區,115/08/31,周宏昌,中國國民黨,
臺南市第7選舉區,115/08/31,曹暐國,無,
臺南市第7選舉區,115/09/02,楊中成,台聯黨,
臺南市第7選舉區,115/09/02,林燕祝,中國國民黨,
臺南市第7選舉區,115/09/02,陳秋萍,民主進步黨,
臺南市第7選舉區,115/09/02,朱正軒,民主進步黨,
臺南市第7選舉區,115/09/03,李秉倫,中國國民黨,
臺南市第7選舉區,115/09/03,卞宗康,中國國民黨,
臺南市第7選舉區,115/09/03,吳依潔,台灣基進,
臺南市第7選舉區,115/09/03,林冠維,無,
臺南市第8選舉區,115/08/31,沈震南,民主進步黨,
臺南市第8選舉區,115/08/31,江明宗,台灣民眾黨,
臺南市第8選舉區,115/09/01,林建南,民主進步黨,
臺南市第8選舉區,115/09/01,鄭方形,無,
臺南市第8選舉區,115/09/02,許至椿,中國國民黨,
臺南市第8選舉區,115/09/02,邱莉莉,民主進步黨,
臺南市第8選舉區,115/09/02,周嘉韋,民主進步黨,
臺南市第8選舉區,115/09/03,蔡宗豪,中國國民黨,
臺南市第8選舉區,115/09/03,陳昌輝,無,
臺南市第8選舉區,115/09/03,童小芸,中國國民黨,
臺南市第8選舉區,115/09/03,謝秉舟,無,
臺南市第9選舉區,115/08/31,陳冠諭,中國國民黨,
臺南市第9選舉區,115/09/01,林依婷,民主進步黨,
臺南市第9選舉區,115/09/02,盧崑福,中國國民黨,
臺南市第9選舉區,115/09/02,葉翰勲,中國國民黨,
臺南市第9選舉區,115/09/02,呂維胤,民主進步黨,
臺南市第9選舉區,115/09/02,周麗津,民主進步黨,
臺南市第9選舉區,115/09/02,李啓維,民主進步黨,
臺南市第9選舉區,115/09/02,蕭漍華,台灣民眾黨,
臺南市第9選舉區,115/09/03,李伯利,無,
臺南市第10選舉區,115/09/02,歐政豪,中國國民黨,
臺南市第10選舉區,115/09/02,蔡筱薇,民主進步黨,
臺南市第10選舉區,115/09/02,陳金鐘,民主進步黨,
臺南市第10選舉區,115/09/02,王家貞,中國國民黨,
臺南市第10選舉區,115/09/03,李宗霖,無,
臺南市第10選舉區,115/09/04,陳進男,無,
臺南市第10選舉區,115/09/04,曾之婕,無,
臺南市第11選舉區,115/08/31,翁語含,中國國民黨,
臺南市第11選舉區,115/08/31,吳禹寰,無,
臺南市第11選舉區,115/09/02,鄭佳欣,民主進步黨,
臺南市第11選舉區,115/09/02,許又仁,無,
臺南市第11選舉區,115/09/02,陳皇宇,民主進步黨,
臺南市第11選舉區,115/09/02,郭鴻儀,民主進步黨,
臺南市第11選舉區,115/09/02,郭如芳,無,
臺南市第11選舉區,115/09/03,杜素吟,無,
臺南市第11選舉區,115/09/04,劉正昌,台聯黨,
臺南市第12選舉區,115/09/03,李美素,無,
臺南市第12選舉區,115/09/04,吳東明,中國國民黨,
臺南市第13選舉區,115/09/01,施余興望 Tjakumay Tagaw,無,
臺南市第13選舉區,115/09/03,辛晴晴 Langui Tamapima,中國國民黨,
高雄市第1選舉區,115/08/31,林富寶,民主進步黨,
高雄市第1選舉區,115/09/02,林慧欣,民主進步黨,
高雄市第1選舉區,115/09/02,林義迪,中國國民黨,
高雄市第1選舉區,115/09/02,鍾炳光,無,
高雄市第1選舉區,115/09/03,李振豪,中國國民黨,
高雄市第2選舉區,115/08/31,李柏融,無,
高雄市第2選舉區,115/09/01,黃明太,民主進步黨,
高雄市第2選舉區,115/09/02,鄭東元,無,
高雄市第2選舉區,115/09/02,陳琳潔,民主進步黨,
高雄市第2選舉區,115/09/03,李亞築,中國國民黨,
高雄市第3選舉區,115/08/31,張騏晟,無,
高雄市第3選舉區,115/09/02,林志誠,民主進步黨,
高雄市第3選舉區,115/09/02,方信淵,中國國民黨,
高雄市第3選舉區,115/09/02,宋立彬,中國國民黨,
高雄市第3選舉區,115/09/02,蔡秉璁,民主進步黨,
高雄市第3選舉區,115/09/02,黃秋媖,民主進步黨,
高雄市第3選舉區,115/09/04,黃韻涵,中國國民黨,
高雄市第3選舉區,115/09/04,蔣黃女,無,
高雄市第4選舉區,115/09/01,陳冠宇,無,
高雄市第4選舉區,115/09/01,尹立,民主進步黨,
高雄市第4選舉區,115/09/02,陳麗珍,中國國民黨,
高雄市第4選舉區,115/09/02,李雅慧,民主進步黨,
高雄市第4選舉區,115/09/02,張以理,民主進步黨,
高雄市第4選舉區,115/09/02,黃文志,民主進步黨,
高雄市第4選舉區,115/09/02,李雅芬,中國國民黨,
高雄市第4選舉區,115/09/02,陳玫娟,中國國民黨,
高雄市第4選舉區,115/09/03,薛兆基,無,
高雄市第4選舉區,115/09/03,柳淑芳,無,
高雄市第4選舉區,115/09/04,李眉蓁,中國國民黨,
高雄市第4選舉區,115/09/04,白喬茵,中國國民黨,
高雄市第5選舉區,115/08/31,邱俊憲,民主進步黨,
高雄市第5選舉區,115/09/01,黃飛鳳,民主進步黨,
高雄市第5選舉區,115/09/01,張勝富,民主進步黨,
高雄市第5選舉區,115/09/01,江瑞鴻,民主進步黨,
高雄市第5選舉區,115/09/03,陳若翠,中國國民黨,
高雄市第5選舉區,115/09/04,吳利成,中國國民黨,
高雄市第5選舉區,115/09/04,陳惠君,無,
高雄市第6選舉區,115/08/31,簡煥宗,民主進步黨,
高雄市第6選舉區,115/08/31,陳美雅,中國國民黨,
高雄市第6選舉區,115/09/02,李喬如,民主進步黨,
高雄市第6選舉區,115/09/03,蔡金晏,中國國民黨,
高雄市第7選舉區,115/09/02,鄭孟洳,民主進步黨,
高雄市第7選舉區,115/09/02,黃柏霖,中國國民黨,
高雄市第7選舉區,115/09/02,黃淑美,無,
高雄市第7選舉區,115/09/02,曾俊傑,無,
高雄市第7選舉區,115/09/02,何權峰,民主進步黨,
高雄市第7選舉區,115/09/02,張博洋,無,
高雄市第7選舉區,115/09/02,康裕成,民主進步黨,
高雄市第7選舉區,115/09/02,余聖明,無,
高雄市第7選舉區,115/09/02,林彥,無,
高雄市第7選舉區,115/09/03,童燕珍,中國國民黨,
高雄市第7選舉區,115/09/03,黃香菽,中國國民黨,
高雄市第7選舉區,115/09/04,林于凱,台灣民眾黨,
高雄市第8選舉區,115/09/01,黃文益,民主進步黨,
高雄市第8選舉區,115/09/02,郭建盟,民主進步黨,
高雄市第8選舉區,115/09/02,湯詠瑜,民主進步黨,
高雄市第8選舉區,115/09/02,陳雅敏,無,
高雄市第8選舉區,115/09/02,黃舜杰,無,
高雄市第8選舉區,115/09/03,許采蓁,中國國民黨,
高雄市第8選舉區,115/09/04,鄒約翰,無,
高雄市第8選舉區,115/09/04,黃裕庭,中國國民黨,
高雄市第8選舉區,115/09/04,黃鈺婷,中國國民黨,
高雄市第9選舉區,115/08/31,林智鴻,民主進步黨,
高雄市第9選舉區,115/08/31,鄭安秝,中國國民黨,
高雄市第9選舉區,115/09/01,蘇致榮,民主進步黨,
高雄市第9選舉區,115/09/02,李雅靜,中國國民黨,
高雄市第9選舉區,115/09/02,劉德林,中國國民黨,
高雄市第9選舉區,115/09/02,陳慧文,民主進步黨,
高雄市第9選舉區,115/09/02,張漢忠,民主進步黨,
高雄市第9選舉區,115/09/02,鄧巧佩,民主進步黨,
高雄市第9選舉區,115/09/02,鍾易仲,中國國民黨,
高雄市第9選舉區,115/09/03,徐尚賢,無,
高雄市第10選舉區,115/08/31,鄭光峰,民主進步黨,
高雄市第10選舉區,115/08/31,李政憲,司法改革黨,
高雄市第10選舉區,115/09/01,劉仙娥,勞動黨,
高雄市第10選舉區,115/09/02,陳麗娜,中國國民黨,
高雄市第10選舉區,115/09/02,吳昱鋒,民主進步黨,
高雄市第10選舉區,115/09/02,吳銘賜,無,
高雄市第10選舉區,115/09/02,李順進,無,
高雄市第10選舉區,115/09/02,黃敬雅,民主進步黨,
高雄市第10選舉區,115/09/02,李紘毅,無,
高雄市第10選舉區,115/09/03,蔡武宏,中國國民黨,
高雄市第10選舉區,115/09/03,于仙玲,小民參政歐巴桑聯盟,
高雄市第10選舉區,115/09/03,湯茹婷,中國國民黨,
高雄市第10選舉區,115/09/03,張藝璉,無,
高雄市第11選舉區,115/08/31,張耀中,民主進步黨,
高雄市第11選舉區,115/09/02,李雨庭,民主進步黨,
高雄市第11選舉區,115/09/02,王耀裕,中國國民黨,
高雄市第11選舉區,115/09/02,黃天煌,中國國民黨,
高雄市第11選舉區,115/09/02,洪村銘,民主進步黨,
高雄市第11選舉區,115/09/02,邱于軒,中國國民黨,
高雄市第12選舉區,115/08/31,巫振興,民主進步黨,
高雄市第12選舉區,115/08/31,宋紹銘,中國國民黨,
高雄市第12選舉區,115/09/02,王義雄,中國國民黨,
高雄市第13選舉區,115/09/02,陳幸富,無,
高雄市第13選舉區,115/09/04,葛姵瑩,中國國民黨,
高雄市第14選舉區,115/09/02,林錫閔,無,
高雄市第14選舉區,115/09/02,洪英雄 Salizan． binkinuan,中國國民黨,
高雄市第14選舉區,115/09/02,高忠德 Takiludun ．Anu,無,
高雄市第15選舉區,115/09/01,金禾雅,無,
高雄市第15選舉區,115/09/02,陳奕蓁,中國國民黨,
